ID,USERNAMES,PASSWORDS
12157,masemount,cobhamproduct
20214,henryy,asdfghjk
24844,james24,bestrightback
25110,pulisic,lebronjamesofsoccer
41033,haaland9,haalandhaaland
41844,mendysaves,comehomekidsmissu
42219,mountw,drinkwaterdaily
60011,turbowerner,asdfghjk
76139,btuchel,ihatemyboss
79142,ngkante,behumbleandkind
90824,rudypaige,rudypaige123
10129,hart1,1234215ad4
41844,elrod2,Hellowro12
43879,marlowe3,Iamamazing
80600,ivens9,Helloooooo123
90132,haaland8,Abcdef123
90622,beck6,Jknsa123